Dataset;Training release;%Training;%Defective in training;%Defective in testing;Classifier;Balancing;Feature selection;TP;FP;TN;FN;Precision;Recall;ROC Area;Kappa
BOOKKEEPER;1;0.6117886178861789;0.43853820598006643;0.8219895287958116;RandomForest;No sampling;No selection;188.0;45.0;244.0;15.0;0.8068669527896996;0.9261083743842364;0.9419008982903506;0.7538235735610521
BOOKKEEPER;1;0.6117886178861789;0.43853820598006643;0.8219895287958116;NaiveBayes;No sampling;No selection;170.0;40.0;249.0;33.0;0.8095238095238095;0.8374384236453202;0.93388958017284;0.6954619454619456
BOOKKEEPER;1;0.6117886178861789;0.43853820598006643;0.8219895287958116;Ibk;No sampling;No selection;171.0;38.0;251.0;32.0;0.8181818181818182;0.8423645320197044;0.9363782023965773;0.7077641069155706
BOOKKEEPER;1;0.6117886178861789;0.43853820598006643;0.8219895287958116;RandomForest;Oversampling;No selection;171.0;17.0;272.0;32.0;0.9095744680851063;0.8423645320197044;0.9762132033340719;0.7922512150563579
BOOKKEEPER;1;0.6117886178861789;0.43853820598006643;0.8219895287958116;NaiveBayes;Oversampling;No selection;193.0;168.0;121.0;10.0;0.5346260387811634;0.9507389162561576;0.8882506349395742;0.3310826293518278
BOOKKEEPER;1;0.6117886178861789;0.43853820598006643;0.8219895287958116;Ibk;Oversampling;No selection;164.0;12.0;277.0;39.0;0.9318181818181818;0.8078817733990148;0.8414185146675303;0.7818314610649324
BOOKKEEPER;1;0.6117886178861789;0.43853820598006643;0.8219895287958116;RandomForest;Undersampling;No selection;168.0;5.0;284.0;35.0;0.9710982658959537;0.8275862068965517;0.9883239299776706;0.8285027101451802
BOOKKEEPER;1;0.6117886178861789;0.43853820598006643;0.8219895287958116;NaiveBayes;Undersampling;No selection;190.0;154.0;135.0;13.0;0.5523255813953488;0.9359605911330049;0.8840745223038505;0.3653329213656727
BOOKKEEPER;1;0.6117886178861789;0.43853820598006643;0.8219895287958116;Ibk;Undersampling;No selection;170.0;7.0;282.0;33.0;0.96045197740113;0.8374384236453202;0.9096596042067943;0.8290152739404681
BOOKKEEPER;1;0.6117886178861789;0.43853820598006643;0.8219895287958116;RandomForest;SMOTE;No selection;178.0;4.0;285.0;25.0;0.978021978021978;0.8768472906403941;0.9929006085192698;0.8764974724742054
BOOKKEEPER;1;0.6117886178861789;0.43853820598006643;0.8219895287958116;NaiveBayes;SMOTE;No selection;192.0;73.0;216.0;11.0;0.7245283018867924;0.9458128078817734;0.9100346020761245;0.6630851254626383
BOOKKEEPER;1;0.6117886178861789;0.43853820598006643;0.8219895287958116;Ibk;SMOTE;No selection;181.0;7.0;282.0;22.0;0.9627659574468085;0.8916256157635468;0.9348100294884688;0.8770466374823342
BOOKKEEPER;1;0.6117886178861789;0.43853820598006643;0.8219895287958116;RandomForest;No sampling;Best first;165.0;56.0;233.0;38.0;0.746606334841629;0.812807881773399;0.9080573405832921;0.6109755892397504
BOOKKEEPER;1;0.6117886178861789;0.43853820598006643;0.8219895287958116;NaiveBayes;No sampling;Best first;165.0;56.0;233.0;38.0;0.746606334841629;0.812807881773399;0.9080573405832921;0.6109755892397504
BOOKKEEPER;1;0.6117886178861789;0.43853820598006643;0.8219895287958116;Ibk;No sampling;Best first;165.0;56.0;233.0;38.0;0.746606334841629;0.812807881773399;0.9080573405832921;0.6109755892397504
BOOKKEEPER;1;0.6117886178861789;0.43853820598006643;0.8219895287958116;RandomForest;Oversampling;Best first;155.0;35.0;254.0;48.0;0.8157894736842105;0.7635467980295566;0.9239436139567389;0.6486198113856956
BOOKKEEPER;1;0.6117886178861789;0.43853820598006643;0.8219895287958116;NaiveBayes;Oversampling;Best first;166.0;59.0;230.0;37.0;0.7377777777777778;0.8177339901477833;0.8734296964221794;0.6038447989532486
BOOKKEEPER;1;0.6117886178861789;0.43853820598006643;0.8219895287958116;Ibk;Oversampling;Best first;155.0;35.0;254.0;48.0;0.8157894736842105;0.7635467980295566;0.8664070090510849;0.6486198113856956
BOOKKEEPER;1;0.6117886178861789;0.43853820598006643;0.8219895287958116;RandomForest;Undersampling;Best first;154.0;33.0;256.0;49.0;0.8235294117647058;0.7586206896551724;0.9284435883887023;0.6520809258524639
BOOKKEEPER;1;0.6117886178861789;0.43853820598006643;0.8219895287958116;NaiveBayes;Undersampling;Best first;174.0;63.0;226.0;29.0;0.7341772151898734;0.8571428571428571;0.8761228629382788;0.6236092401337124
BOOKKEEPER;1;0.6117886178861789;0.43853820598006643;0.8219895287958116;Ibk;Undersampling;Best first;148.0;29.0;260.0;55.0;0.8361581920903954;0.729064039408867;0.8819694206282919;0.640932075274983
BOOKKEEPER;1;0.6117886178861789;0.43853820598006643;0.8219895287958116;RandomForest;SMOTE;Best first;147.0;27.0;262.0;56.0;0.8448275862068966;0.7241379310344828;0.9301055107641434;0.6444096133751306
BOOKKEEPER;1;0.6117886178861789;0.43853820598006643;0.8219895287958116;NaiveBayes;SMOTE;Best first;203.0;81.0;208.0;0.0;0.7147887323943662;1.0;0.8922392486406328;0.679388576025744
BOOKKEEPER;1;0.6117886178861789;0.43853820598006643;0.8219895287958116;Ibk;SMOTE;Best first;146.0;26.0;263.0;57.0;0.8488372093023255;0.7192118226600985;0.8822506690302896;0.6438762339972791
BOOKKEEPER;2;0.5781433607520564;0.5873983739837398;0.4456824512534819;RandomForest;No sampling;No selection;292.0;77.0;372.0;110.0;0.7913279132791328;0.7263681592039801;0.8868934835843056;0.5572702360583678
BOOKKEEPER;2;0.5781433607520564;0.5873983739837398;0.4456824512534819;NaiveBayes;No sampling;No selection;246.0;68.0;381.0;156.0;0.7834394904458599;0.6119402985074627;0.8389095724052344;0.46582973715182435
BOOKKEEPER;2;0.5781433607520564;0.5873983739837398;0.4456824512534819;Ibk;No sampling;No selection;285.0;65.0;384.0;117.0;0.8142857142857143;0.7089552238805971;0.8864613458320868;0.5680347620428836
BOOKKEEPER;2;0.5781433607520564;0.5873983739837398;0.4456824512534819;RandomForest;Oversampling;No selection;337.0;85.0;364.0;65.0;0.7985781990521327;0.8383084577114428;0.9091845893029286;0.6473133371645816
BOOKKEEPER;2;0.5781433607520564;0.5873983739837398;0.4456824512534819;NaiveBayes;Oversampling;No selection;356.0;136.0;313.0;46.0;0.7235772357723578;0.8855721393034826;0.8406824452348503;0.5759283293084282
BOOKKEEPER;2;0.5781433607520564;0.5873983739837398;0.4456824512534819;Ibk;Oversampling;No selection;302.0;92.0;357.0;100.0;0.766497461928934;0.7512437810945274;0.7746041507385123;0.5469136487161002
BOOKKEEPER;2;0.5781433607520564;0.5873983739837398;0.4456824512534819;RandomForest;Undersampling;No selection;345.0;76.0;373.0;57.0;0.8194774346793349;0.8582089552238806;0.9158217819588028;0.6872438786478727
BOOKKEEPER;2;0.5781433607520564;0.5873983739837398;0.4456824512534819;NaiveBayes;Undersampling;No selection;378.0;258.0;191.0;24.0;0.5943396226415094;0.9402985074626866;0.8418708240534521;0.3548766915595414
BOOKKEEPER;2;0.5781433607520564;0.5873983739837398;0.4456824512534819;Ibk;Undersampling;No selection;316.0;88.0;361.0;86.0;0.7821782178217822;0.7860696517412935;0.7974548194439828;0.5899249494585836
BOOKKEEPER;2;0.5781433607520564;0.5873983739837398;0.4456824512534819;RandomForest;SMOTE;No selection;340.0;50.0;399.0;62.0;0.8717948717948718;0.845771144278607;0.9398331283449124;0.7355617703200604
BOOKKEEPER;2;0.5781433607520564;0.5873983739837398;0.4456824512534819;NaiveBayes;SMOTE;No selection;378.0;288.0;161.0;24.0;0.5675675675675675;0.9402985074626866;0.8379926647386675;0.2889417360285374
BOOKKEEPER;2;0.5781433607520564;0.5873983739837398;0.4456824512534819;Ibk;SMOTE;No selection;313.0;50.0;399.0;89.0;0.8622589531680441;0.7786069651741293;0.8359344701880354;0.6706537143302623
BOOKKEEPER;2;0.5781433607520564;0.5873983739837398;0.4456824512534819;RandomForest;No sampling;Best first;378.0;155.0;294.0;24.0;0.7091932457786116;0.9402985074626866;0.8573529900608317;0.5851075709581564
BOOKKEEPER;2;0.5781433607520564;0.5873983739837398;0.4456824512534819;NaiveBayes;No sampling;Best first;378.0;155.0;294.0;24.0;0.7091932457786116;0.9402985074626866;0.8417738700705825;0.5851075709581564
BOOKKEEPER;2;0.5781433607520564;0.5873983739837398;0.4456824512534819;Ibk;No sampling;Best first;382.0;191.0;258.0;20.0;0.6666666666666666;0.9502487562189055;0.8289648638766081;0.5134283383870819
BOOKKEEPER;2;0.5781433607520564;0.5873983739837398;0.4456824512534819;RandomForest;Oversampling;Best first;346.0;148.0;301.0;56.0;0.7004048582995951;0.8606965174129353;0.8593225409699831;0.5247892258841563
BOOKKEEPER;2;0.5781433607520564;0.5873983739837398;0.4456824512534819;NaiveBayes;Oversampling;Best first;387.0;194.0;255.0;15.0;0.6660929432013769;0.9626865671641791;0.8361533091779411;0.518530950788963
BOOKKEEPER;2;0.5781433607520564;0.5873983739837398;0.4456824512534819;Ibk;Oversampling;Best first;340.0;126.0;323.0;62.0;0.7296137339055794;0.845771144278607;0.7961916475528815;0.5604773573916769
BOOKKEEPER;2;0.5781433607520564;0.5873983739837398;0.4456824512534819;RandomForest;Undersampling;Best first;354.0;139.0;310.0;48.0;0.718052738336714;0.8805970149253731;0.8730512249443207;0.5643340734190592
BOOKKEEPER;2;0.5781433607520564;0.5873983739837398;0.4456824512534819;NaiveBayes;Undersampling;Best first;381.0;175.0;274.0;21.0;0.685251798561151;0.9477611940298507;0.8364524814679387;0.5470380247342722
BOOKKEEPER;2;0.5781433607520564;0.5873983739837398;0.4456824512534819;Ibk;Undersampling;Best first;343.0;122.0;327.0;59.0;0.7376344086021506;0.8532338308457711;0.8284440824829084;0.5767879172539613
BOOKKEEPER;2;0.5781433607520564;0.5873983739837398;0.4456824512534819;RandomForest;SMOTE;Best first;340.0;102.0;347.0;62.0;0.7692307692307693;0.845771144278607;0.8962980199226585;0.6153947905069499
BOOKKEEPER;2;0.5781433607520564;0.5873983739837398;0.4456824512534819;NaiveBayes;SMOTE;Best first;379.0;177.0;272.0;23.0;0.6816546762589928;0.9427860696517413;0.8386796529601436;0.5377939027900739
BOOKKEEPER;2;0.5781433607520564;0.5873983739837398;0.4456824512534819;Ibk;SMOTE;Best first;315.0;79.0;370.0;87.0;0.799492385786802;0.7835820895522388;0.8488154993407129;0.6082690921191283
BOOKKEEPER;3;1.0;0.5276145710928319;NaN;RandomForest;No sampling;No selection;374.0;121.0;328.0;28.0;0.7555555555555555;0.9303482587064676;0.9043673614112068;0.6529544266449899
BOOKKEEPER;3;1.0;0.5276145710928319;NaN;NaiveBayes;No sampling;No selection;340.0;112.0;337.0;62.0;0.7522123893805309;0.845771144278607;0.8778185907877095;0.5924710881638988
BOOKKEEPER;3;1.0;0.5276145710928319;NaN;Ibk;No sampling;No selection;347.0;94.0;355.0;55.0;0.7868480725623582;0.8631840796019901;0.9063784640273023;0.6505268321991904
BOOKKEEPER;3;1.0;0.5276145710928319;NaN;RandomForest;Oversampling;No selection;381.0;50.0;399.0;21.0;0.8839907192575406;0.9477611940298507;0.9652323017429556;0.8332565218471184
BOOKKEEPER;3;1.0;0.5276145710928319;NaN;NaiveBayes;Oversampling;No selection;384.0;292.0;157.0;18.0;0.5680473372781065;0.9552238805970149;0.8418071114361378;0.2943879488811738
BOOKKEEPER;3;1.0;0.5276145710928319;NaN;Ibk;Oversampling;No selection;367.0;49.0;400.0;35.0;0.8822115384615384;0.9129353233830846;0.9070599120211859;0.8023414644936873
BOOKKEEPER;3;1.0;0.5276145710928319;NaN;RandomForest;Undersampling;No selection;402.0;12.0;437.0;0.0;0.9710144927536232;1.0;0.9953655996188323;0.9717557251908396
BOOKKEEPER;3;1.0;0.5276145710928319;NaN;NaiveBayes;Undersampling;No selection;382.0;287.0;162.0;20.0;0.5710014947683109;0.9502487562189055;0.8399816064443927;0.3006009985410057
BOOKKEEPER;3;1.0;0.5276145710928319;NaN;Ibk;Undersampling;No selection;402.0;11.0;438.0;0.0;0.9733656174334141;1.0;0.9880247980587042;0.974106048745135
BOOKKEEPER;3;1.0;0.5276145710928319;NaN;RandomForest;SMOTE;No selection;402.0;0.0;449.0;0.0;1.0;1.0;1.0;1.0
BOOKKEEPER;3;1.0;0.5276145710928319;NaN;NaiveBayes;SMOTE;No selection;380.0;305.0;144.0;22.0;0.5547445255474452;0.945273631840796;0.8302308058815057;0.2565342495398039
BOOKKEEPER;3;1.0;0.5276145710928319;NaN;Ibk;SMOTE;No selection;402.0;0.0;449.0;0.0;1.0;1.0;1.0;1.0
BOOKKEEPER;3;1.0;0.5276145710928319;NaN;RandomForest;No sampling;Best first;330.0;103.0;346.0;72.0;0.7621247113163973;0.8208955223880597;0.8590593801593369;0.5891191409644836
BOOKKEEPER;3;1.0;0.5276145710928319;NaN;NaiveBayes;No sampling;Best first;374.0;147.0;302.0;28.0;0.7178502879078695;0.9303482587064676;0.8590593801593369;0.5937548589837666
BOOKKEEPER;3;1.0;0.5276145710928319;NaN;Ibk;No sampling;Best first;330.0;103.0;346.0;72.0;0.7621247113163973;0.8208955223880597;0.8590593801593369;0.5891191409644836
BOOKKEEPER;3;1.0;0.5276145710928319;NaN;RandomForest;Oversampling;Best first;372.0;73.0;376.0;30.0;0.8359550561797753;0.9253731343283582;0.9388386574920498;0.7585429883448986
BOOKKEEPER;3;1.0;0.5276145710928319;NaN;NaiveBayes;Oversampling;Best first;378.0;194.0;255.0;24.0;0.6608391608391608;0.9402985074626866;0.8147708007844963;0.49722211682828066
BOOKKEEPER;3;1.0;0.5276145710928319;NaN;Ibk;Oversampling;Best first;360.0;62.0;387.0;42.0;0.8530805687203792;0.8955223880597015;0.9094117386342231;0.7554705804341099
BOOKKEEPER;3;1.0;0.5276145710928319;NaN;RandomForest;Undersampling;Best first;385.0;51.0;398.0;17.0;0.8830275229357798;0.9577114427860697;0.973514941993817;0.8404055224300457
BOOKKEEPER;3;1.0;0.5276145710928319;NaN;NaiveBayes;Undersampling;Best first;382.0;194.0;255.0;20.0;0.6631944444444444;0.9502487562189055;0.8231282341078572;0.5066987382643415
BOOKKEEPER;3;1.0;0.5276145710928319;NaN;Ibk;Undersampling;Best first;375.0;42.0;407.0;27.0;0.8992805755395683;0.9328358208955224;0.974008022249554;0.8376587291713322
BOOKKEEPER;3;1.0;0.5276145710928319;NaN;RandomForest;SMOTE;Best first;387.0;47.0;402.0;15.0;0.8917050691244239;0.9626865671641791;0.9807061574089464;0.8544496551724136
BOOKKEEPER;3;1.0;0.5276145710928319;NaN;NaiveBayes;SMOTE;Best first;383.0;193.0;256.0;19.0;0.6649305555555556;0.9527363184079602;0.8310258285410365;0.5113090304300953
BOOKKEEPER;3;1.0;0.5276145710928319;NaN;Ibk;SMOTE;Best first;370.0;30.0;419.0;32.0;0.925;0.9203980099502488;0.9865012354707532;0.8538051881120081
BOOKKEEPER;4;0.771532184950136;0.5276145710928319;0.35714285714285715;RandomForest;No sampling;No selection;536.0;208.0;331.0;28.0;0.7204301075268817;0.950354609929078;0.8836333372807537;0.5686637105380022
BOOKKEEPER;4;0.771532184950136;0.5276145710928319;0.35714285714285715;NaiveBayes;No sampling;No selection;458.0;192.0;347.0;106.0;0.7046153846153846;0.8120567375886525;0.8521756865221911;0.4574592055354367
BOOKKEEPER;4;0.771532184950136;0.5276145710928319;0.35714285714285715;Ibk;No sampling;No selection;505.0;120.0;419.0;59.0;0.808;0.8953900709219859;0.8838981433966236;0.6744472493969169
BOOKKEEPER;4;0.771532184950136;0.5276145710928319;0.35714285714285715;RandomForest;Oversampling;No selection;526.0;120.0;419.0;38.0;0.8142414860681114;0.9326241134751773;0.9338363004776379;0.7123916150390631
BOOKKEEPER;4;0.771532184950136;0.5276145710928319;0.35714285714285715;NaiveBayes;Oversampling;No selection;536.0;375.0;164.0;28.0;0.5883644346871569;0.950354609929078;0.8261786339293938;0.2583073732265229
BOOKKEEPER;4;0.771532184950136;0.5276145710928319;0.35714285714285715;Ibk;Oversampling;No selection;508.0;111.0;428.0;56.0;0.8206785137318255;0.900709219858156;0.8232723456887591;0.6963471185278355
BOOKKEEPER;4;0.771532184950136;0.5276145710928319;0.35714285714285715;RandomForest;Undersampling;No selection;551.0;67.0;472.0;13.0;0.8915857605177994;0.9769503546099291;0.9793434782036605;0.8545435363855453
BOOKKEEPER;4;0.771532184950136;0.5276145710928319;0.35714285714285715;NaiveBayes;Undersampling;No selection;532.0;362.0;177.0;32.0;0.5950782997762863;0.9432624113475178;0.8220831853050699;0.2753850822520352
BOOKKEEPER;4;0.771532184950136;0.5276145710928319;0.35714285714285715;Ibk;Undersampling;No selection;545.0;79.0;460.0;19.0;0.8733974358974359;0.9663120567375887;0.9131337254437558;0.8217717628591968
BOOKKEEPER;4;0.771532184950136;0.5276145710928319;0.35714285714285715;RandomForest;SMOTE;No selection;554.0;69.0;470.0;10.0;0.8892455858747994;0.9822695035460993;0.9834241240016316;0.8563321390826638
BOOKKEEPER;4;0.771532184950136;0.5276145710928319;0.35714285714285715;NaiveBayes;SMOTE;No selection;530.0;380.0;159.0;34.0;0.5824175824175825;0.9397163120567376;0.8144219002881616;0.23809444357311849
BOOKKEEPER;4;0.771532184950136;0.5276145710928319;0.35714285714285715;Ibk;SMOTE;No selection;545.0;69.0;470.0;19.0;0.8876221498371335;0.9663120567375887;0.9216634429400387;0.8400242607236683
BOOKKEEPER;4;0.771532184950136;0.5276145710928319;0.35714285714285715;RandomForest;No sampling;Best first;492.0;188.0;351.0;72.0;0.7235294117647059;0.8723404255319149;0.8496756536270214;0.526055541967172
BOOKKEEPER;4;0.771532184950136;0.5276145710928319;0.35714285714285715;NaiveBayes;No sampling;Best first;536.0;234.0;305.0;28.0;0.6961038961038961;0.950354609929078;0.8496756536270214;0.5206272953775616
BOOKKEEPER;4;0.771532184950136;0.5276145710928319;0.35714285714285715;Ibk;No sampling;Best first;492.0;188.0;351.0;72.0;0.7235294117647059;0.8723404255319149;0.8496756536270214;0.526055541967172
BOOKKEEPER;4;0.771532184950136;0.5276145710928319;0.35714285714285715;RandomForest;Oversampling;Best first;506.0;141.0;398.0;58.0;0.7820710973724884;0.8971631205673759;0.8854804010579087;0.6377441134676861
BOOKKEEPER;4;0.771532184950136;0.5276145710928319;0.35714285714285715;NaiveBayes;Oversampling;Best first;517.0;281.0;258.0;47.0;0.6478696741854637;0.9166666666666666;0.755021447650627;0.399171623969097
BOOKKEEPER;4;0.771532184950136;0.5276145710928319;0.35714285714285715;Ibk;Oversampling;Best first;494.0;130.0;409.0;70.0;0.7916666666666666;0.875886524822695;0.8577086540612376;0.6362689037942794
BOOKKEEPER;4;0.771532184950136;0.5276145710928319;0.35714285714285715;RandomForest;Undersampling;Best first;528.0;131.0;408.0;36.0;0.8012139605462822;0.9361702127659575;0.9231864892959117;0.6958457242778852
BOOKKEEPER;4;0.771532184950136;0.5276145710928319;0.35714285714285715;NaiveBayes;Undersampling;Best first;529.0;283.0;256.0;35.0;0.6514778325123153;0.9379432624113475;0.7665396913117278;0.417150776347974
BOOKKEEPER;4;0.771532184950136;0.5276145710928319;0.35714285714285715;Ibk;Undersampling;Best first;512.0;119.0;420.0;52.0;0.8114104595879557;0.9078014184397163;0.9194413742286083;0.688920152329557
BOOKKEEPER;4;0.771532184950136;0.5276145710928319;0.35714285714285715;RandomForest;SMOTE;Best first;530.0;128.0;411.0;34.0;0.8054711246200608;0.9397163120567376;0.9248016421268701;0.7049643188550332
BOOKKEEPER;4;0.771532184950136;0.5276145710928319;0.35714285714285715;NaiveBayes;SMOTE;Best first;530.0;282.0;257.0;34.0;0.6527093596059114;0.9397163120567376;0.7797224305582968;0.4208164947357226
BOOKKEEPER;4;0.771532184950136;0.5276145710928319;0.35714285714285715;Ibk;SMOTE;Best first;507.0;105.0;434.0;57.0;0.8284313725490197;0.898936170212766;0.9286799826313504;0.7055234742712495
BOOKKEEPER;5;0.901880621422731;0.4886672710788758;0.5916666666666667;RandomForest;No sampling;No selection;545.0;96.0;514.0;68.0;0.8502340093603744;0.8890701468189234;0.9447329714117616;0.7317752909962343
BOOKKEEPER;5;0.901880621422731;0.4886672710788758;0.5916666666666667;NaiveBayes;No sampling;No selection;448.0;101.0;509.0;165.0;0.8160291438979964;0.7308319738988581;0.889288102051186;0.5651131204782557
BOOKKEEPER;5;0.901880621422731;0.4886672710788758;0.5916666666666667;Ibk;No sampling;No selection;537.0;87.0;523.0;76.0;0.8605769230769231;0.8760195758564437;0.9463522584440938;0.7334289882553051
BOOKKEEPER;5;0.901880621422731;0.4886672710788758;0.5916666666666667;RandomForest;Oversampling;No selection;546.0;52.0;558.0;67.0;0.9130434782608695;0.8907014681892332;0.9658425373733052;0.8054071038434026
BOOKKEEPER;5;0.901880621422731;0.4886672710788758;0.5916666666666667;NaiveBayes;Oversampling;No selection;584.0;430.0;180.0;29.0;0.5759368836291914;0.9526916802610114;0.8297716150081567;0.24817285580929402
BOOKKEEPER;5;0.901880621422731;0.4886672710788758;0.5916666666666667;Ibk;Oversampling;No selection;549.0;77.0;533.0;64.0;0.8769968051118211;0.8955954323001631;0.8859198245660953;0.7694060477039292
BOOKKEEPER;5;0.901880621422731;0.4886672710788758;0.5916666666666667;RandomForest;Undersampling;No selection;594.0;18.0;592.0;19.0;0.9705882352941176;0.9690048939641109;0.9922338405583933;0.9394929285176563
BOOKKEEPER;5;0.901880621422731;0.4886672710788758;0.5916666666666667;NaiveBayes;Undersampling;No selection;581.0;441.0;169.0;32.0;0.5684931506849316;0.9477977161500816;0.8204062257641804;0.22521640484682579
BOOKKEEPER;5;0.901880621422731;0.4886672710788758;0.5916666666666667;Ibk;Undersampling;No selection;596.0;33.0;577.0;17.0;0.9475357710651828;0.9722675367047309;0.9597745567352178;0.918228110808599
BOOKKEEPER;5;0.901880621422731;0.4886672710788758;0.5916666666666667;RandomForest;SMOTE;No selection;597.0;15.0;595.0;16.0;0.9754901960784313;0.9738988580750407;0.9926804482122322;0.9493048860553337
BOOKKEEPER;5;0.901880621422731;0.4886672710788758;0.5916666666666667;NaiveBayes;SMOTE;No selection;583.0;336.0;274.0;30.0;0.6343852013057671;0.9510603588907015;0.8340638622202017;0.4007325870014005
BOOKKEEPER;5;0.901880621422731;0.4886672710788758;0.5916666666666667;Ibk;SMOTE;No selection;600.0;32.0;578.0;13.0;0.9493670886075949;0.9787928221859706;0.9637940256197685;0.9264044139967345
BOOKKEEPER;5;0.901880621422731;0.4886672710788758;0.5916666666666667;RandomForest;No sampling;Best first;485.0;99.0;511.0;128.0;0.8304794520547946;0.7911908646003263;0.8938571390367182;0.628822630480502
BOOKKEEPER;5;0.901880621422731;0.4886672710788758;0.5916666666666667;NaiveBayes;No sampling;Best first;485.0;99.0;511.0;128.0;0.8304794520547946;0.7911908646003263;0.8930882785548098;0.628822630480502
BOOKKEEPER;5;0.901880621422731;0.4886672710788758;0.5916666666666667;Ibk;No sampling;Best first;485.0;99.0;511.0;128.0;0.8304794520547946;0.7911908646003263;0.893898590645308;0.628822630480502
BOOKKEEPER;5;0.901880621422731;0.4886672710788758;0.5916666666666667;RandomForest;Oversampling;Best first;535.0;66.0;544.0;78.0;0.8901830282861897;0.8727569331158238;0.954618511486107;0.7645234096719329
BOOKKEEPER;5;0.901880621422731;0.4886672710788758;0.5916666666666667;NaiveBayes;Oversampling;Best first;585.0;320.0;290.0;28.0;0.6464088397790055;0.9543230016313213;0.7940964886476078;0.4302367922204492
BOOKKEEPER;5;0.901880621422731;0.4886672710788758;0.5916666666666667;Ibk;Oversampling;Best first;541.0;64.0;546.0;72.0;0.8942148760330578;0.8825448613376835;0.8957251357205894;0.7776018740874254
BOOKKEEPER;5;0.901880621422731;0.4886672710788758;0.5916666666666667;RandomForest;Undersampling;Best first;597.0;35.0;575.0;16.0;0.944620253164557;0.9738988580750407;0.9878680501698179;0.9165916691962991
BOOKKEEPER;5;0.901880621422731;0.4886672710788758;0.5916666666666667;NaiveBayes;Undersampling;Best first;588.0;333.0;277.0;25.0;0.6384364820846905;0.9592169657422512;0.7973150054823095;0.413826619683614
BOOKKEEPER;5;0.901880621422731;0.4886672710788758;0.5916666666666667;Ibk;Undersampling;Best first;585.0;36.0;574.0;28.0;0.9420289855072463;0.9543230016313213;0.9599711175888536;0.8953353409036207
BOOKKEEPER;5;0.901880621422731;0.4886672710788758;0.5916666666666667;RandomForest;SMOTE;Best first;589.0;25.0;585.0;24.0;0.9592833876221498;0.9608482871125612;0.9894124568769556;0.9198683705574728
BOOKKEEPER;5;0.901880621422731;0.4886672710788758;0.5916666666666667;NaiveBayes;SMOTE;Best first;600.0;357.0;253.0;13.0;0.6269592476489029;0.9787928221859706;0.803341534511807;0.39409074110772496
BOOKKEEPER;5;0.901880621422731;0.4886672710788758;0.5916666666666667;Ibk;SMOTE;Best first;584.0;30.0;580.0;29.0;0.9511400651465798;0.9526916802610114;0.9629636562993074;0.9035149767936919
BOOKKEEPER;6;0.8907501820830298;0.4987735077677841;0.66;RandomForest;No sampling;No selection;578.0;90.0;619.0;86.0;0.8652694610778443;0.8704819277108434;0.9498222084388329;0.7434004578797365
BOOKKEEPER;6;0.8907501820830298;0.4987735077677841;0.66;NaiveBayes;No sampling;No selection;509.0;118.0;591.0;155.0;0.8118022328548644;0.766566265060241;0.9013490492293574;0.6011978035657478
BOOKKEEPER;6;0.8907501820830298;0.4987735077677841;0.66;Ibk;No sampling;No selection;573.0;89.0;620.0;91.0;0.8655589123867069;0.8629518072289156;0.9520122096283583;0.7374933879434327
BOOKKEEPER;6;0.8907501820830298;0.4987735077677841;0.66;RandomForest;Oversampling;No selection;611.0;45.0;664.0;53.0;0.9314024390243902;0.9201807228915663;0.9777813652352711;0.8570387338608912
BOOKKEEPER;6;0.8907501820830298;0.4987735077677841;0.66;NaiveBayes;Oversampling;No selection;629.0;490.0;219.0;35.0;0.5621090259159964;0.947289156626506;0.83327739731847;0.2507226928142349
BOOKKEEPER;6;0.8907501820830298;0.4987735077677841;0.66;Ibk;Oversampling;No selection;596.0;58.0;651.0;68.0;0.9113149847094801;0.8975903614457831;0.9116554369806448;0.8161750798531934
BOOKKEEPER;6;0.8907501820830298;0.4987735077677841;0.66;RandomForest;Undersampling;No selection;656.0;11.0;698.0;8.0;0.9835082458770614;0.9879518072289156;0.9978684130032117;0.9722975893263898
BOOKKEEPER;6;0.8907501820830298;0.4987735077677841;0.66;NaiveBayes;Undersampling;No selection;630.0;496.0;213.0;34.0;0.5595026642984015;0.9487951807228916;0.8337988767481774;0.243834312541695
BOOKKEEPER;6;0.8907501820830298;0.4987735077677841;0.66;Ibk;Undersampling;No selection;644.0;14.0;695.0;20.0;0.9787234042553191;0.9698795180722891;0.9717413377062553;0.9504059357344558
BOOKKEEPER;6;0.8907501820830298;0.4987735077677841;0.66;RandomForest;SMOTE;No selection;654.0;10.0;699.0;10.0;0.9849397590361446;0.9849397590361446;0.99782699203018;0.9708353866807143
BOOKKEEPER;6;0.8907501820830298;0.4987735077677841;0.66;NaiveBayes;SMOTE;No selection;633.0;350.0;359.0;31.0;0.6439471007121058;0.9533132530120482;0.8508568831036416;0.45275743351602193
BOOKKEEPER;6;0.8907501820830298;0.4987735077677841;0.66;Ibk;SMOTE;No selection;643.0;12.0;697.0;21.0;0.981679389312977;0.9683734939759037;0.9738506211021802;0.9518576800436064
BOOKKEEPER;6;0.8907501820830298;0.4987735077677841;0.66;RandomForest;No sampling;Best first;542.0;116.0;593.0;122.0;0.8237082066869301;0.8162650602409639;0.9004484085849745;0.6528415501411904
BOOKKEEPER;6;0.8907501820830298;0.4987735077677841;0.66;NaiveBayes;No sampling;Best first;542.0;116.0;593.0;122.0;0.8237082066869301;0.8162650602409639;0.8991208132954951;0.6528415501411904
BOOKKEEPER;6;0.8907501820830298;0.4987735077677841;0.66;Ibk;No sampling;Best first;542.0;116.0;593.0;122.0;0.8237082066869301;0.8162650602409639;0.9004484085849745;0.6528415501411904
BOOKKEEPER;6;0.8907501820830298;0.4987735077677841;0.66;RandomForest;Oversampling;Best first;595.0;59.0;650.0;69.0;0.9097859327217125;0.8960843373493976;0.9638161248661784;0.8132572239778473
BOOKKEEPER;6;0.8907501820830298;0.4987735077677841;0.66;NaiveBayes;Oversampling;Best first;646.0;358.0;351.0;18.0;0.6434262948207171;0.9728915662650602;0.8079436929665064;0.4604724659612982
BOOKKEEPER;6;0.8907501820830298;0.4987735077677841;0.66;Ibk;Oversampling;Best first;572.0;65.0;644.0;92.0;0.8979591836734694;0.8614457831325302;0.892811018403657;0.7707619715059599
BOOKKEEPER;6;0.8907501820830298;0.4987735077677841;0.66;RandomForest;Undersampling;Best first;641.0;16.0;693.0;23.0;0.9756468797564688;0.9653614457831325;0.9940768008564582;0.9431099712399746
BOOKKEEPER;6;0.8907501820830298;0.4987735077677841;0.66;NaiveBayes;Undersampling;Best first;637.0;352.0;357.0;27.0;0.6440849342770475;0.9593373493975904;0.8068518786004384;0.4557838140846307
BOOKKEEPER;6;0.8907501820830298;0.4987735077677841;0.66;Ibk;Undersampling;Best first;621.0;7.0;702.0;43.0;0.9888535031847133;0.9352409638554217;0.9694631841895084;0.9269628015643684
BOOKKEEPER;6;0.8907501820830298;0.4987735077677841;0.66;RandomForest;SMOTE;Best first;634.0;12.0;697.0;30.0;0.9814241486068112;0.9548192771084337;0.9931984638129386;0.9387015781159979
BOOKKEEPER;6;0.8907501820830298;0.4987735077677841;0.66;NaiveBayes;SMOTE;Best first;652.0;373.0;336.0;12.0;0.6360975609756098;0.9819277108433735;0.8133963923394566;0.448103303727199
BOOKKEEPER;6;0.8907501820830298;0.4987735077677841;0.66;Ibk;SMOTE;Best first;620.0;5.0;704.0;44.0;0.992;0.9337349397590361;0.9706431508827977;0.9284132637154621
BOOKKEEPER;7;1.0;0.5163874726875455;NaN;RandomForest;No sampling;No selection;593.0;91.0;618.0;71.0;0.8669590643274854;0.8930722891566265;0.9571739001138546;0.7639922245376953
BOOKKEEPER;7;1.0;0.5163874726875455;NaN;NaiveBayes;No sampling;No selection;473.0;102.0;607.0;191.0;0.8226086956521739;0.7123493975903614;0.9019990398830866;0.5709132448826566
BOOKKEEPER;7;1.0;0.5163874726875455;NaN;Ibk;No sampling;No selection;584.0;82.0;627.0;80.0;0.8768768768768769;0.8795180722891566;0.9597313796795078;0.7637892107616271
BOOKKEEPER;7;1.0;0.5163874726875455;NaN;RandomForest;Oversampling;No selection;621.0;53.0;656.0;43.0;0.9213649851632048;0.9352409638554217;0.9785970397811273;0.8600767301980251
BOOKKEEPER;7;1.0;0.5163874726875455;NaN;NaiveBayes;Oversampling;No selection;611.0;421.0;288.0;53.0;0.5920542635658915;0.9201807228915663;0.8337563936989141;0.32074538258575197
BOOKKEEPER;7;1.0;0.5163874726875455;NaN;Ibk;Oversampling;No selection;613.0;55.0;654.0;51.0;0.9176646706586826;0.9231927710843374;0.9268941067514062;0.8454570939502958
BOOKKEEPER;7;1.0;0.5163874726875455;NaN;RandomForest;Undersampling;No selection;664.0;1.0;708.0;0.0;0.9984962406015038;1.0;1.0;0.9985418390245508
BOOKKEEPER;7;1.0;0.5163874726875455;NaN;NaiveBayes;Undersampling;No selection;626.0;429.0;280.0;38.0;0.5933649289099526;0.9427710843373494;0.8403911839176169;0.331498717089247
BOOKKEEPER;7;1.0;0.5163874726875455;NaN;Ibk;Undersampling;No selection;664.0;4.0;705.0;0.0;0.9940119760479041;1.0;0.9972386017978826;0.9941681922245393
BOOKKEEPER;7;1.0;0.5163874726875455;NaN;RandomForest;SMOTE;No selection;664.0;0.0;709.0;0.0;1.0;1.0;1.0;1.0
BOOKKEEPER;7;1.0;0.5163874726875455;NaN;NaiveBayes;SMOTE;No selection;622.0;443.0;266.0;42.0;0.584037558685446;0.9367469879518072;0.836383970295852;0.30605764711644573
BOOKKEEPER;7;1.0;0.5163874726875455;NaN;Ibk;SMOTE;No selection;664.0;0.0;709.0;0.0;1.0;1.0;1.0;1.0
BOOKKEEPER;7;1.0;0.5163874726875455;NaN;RandomForest;No sampling;Best first;554.0;127.0;582.0;110.0;0.8135095447870778;0.8343373493975904;0.9076726511122062;0.6546799007128173
BOOKKEEPER;7;1.0;0.5163874726875455;NaN;NaiveBayes;No sampling;Best first;570.0;158.0;551.0;94.0;0.782967032967033;0.858433734939759;0.9051576545958163;0.6336464668710929
BOOKKEEPER;7;1.0;0.5163874726875455;NaN;Ibk;No sampling;Best first;554.0;127.0;582.0;110.0;0.8135095447870778;0.8343373493975904;0.9077448722959539;0.6546799007128173
BOOKKEEPER;7;1.0;0.5163874726875455;NaN;RandomForest;Oversampling;Best first;619.0;68.0;641.0;45.0;0.901018922852984;0.9322289156626506;0.9666858548439172;0.8354008701584046
BOOKKEEPER;7;1.0;0.5163874726875455;NaN;NaiveBayes;Oversampling;Best first;636.0;350.0;359.0;28.0;0.6450304259634888;0.9578313253012049;0.8123767991571363;0.45714309622380606
BOOKKEEPER;7;1.0;0.5163874726875455;NaN;Ibk;Oversampling;Best first;613.0;66.0;643.0;51.0;0.9027982326951399;0.9231927710843374;0.9280061005658742;0.8295092371583492
BOOKKEEPER;7;1.0;0.5163874726875455;NaN;RandomForest;Undersampling;Best first;661.0;23.0;686.0;3.0;0.966374269005848;0.9954819277108434;0.9964654103012898;0.9621222088764202
BOOKKEEPER;7;1.0;0.5163874726875455;NaN;NaiveBayes;Undersampling;Best first;638.0;349.0;360.0;26.0;0.646403242147923;0.9608433734939759;0.8092712882559858;0.4614768321292937
BOOKKEEPER;7;1.0;0.5163874726875455;NaN;Ibk;Undersampling;Best first;652.0;13.0;696.0;12.0;0.9804511278195489;0.9819277108433735;0.9927269019661156;0.963545975613771
BOOKKEEPER;7;1.0;0.5163874726875455;NaN;RandomForest;SMOTE;Best first;662.0;11.0;698.0;2.0;0.9836552748885586;0.9969879518072289;0.9995666728975139;0.9810511520164933
BOOKKEEPER;7;1.0;0.5163874726875455;NaN;NaiveBayes;SMOTE;Best first;644.0;359.0;350.0;20.0;0.6420737786640079;0.9698795180722891;0.80913321834588;0.4561421477894706
BOOKKEEPER;7;1.0;0.5163874726875455;NaN;Ibk;SMOTE;Best first;652.0;1.0;708.0;12.0;0.998468606431853;0.9819277108433735;0.9998130745832413;0.9810330298802304
BOOKKEEPER;8;1.0;0.5163874726875455;NaN;RandomForest;No sampling;No selection;593.0;91.0;618.0;71.0;0.8669590643274854;0.8930722891566265;0.9571739001138546;0.7639922245376953
BOOKKEEPER;8;1.0;0.5163874726875455;NaN;NaiveBayes;No sampling;No selection;473.0;102.0;607.0;191.0;0.8226086956521739;0.7123493975903614;0.9019990398830866;0.5709132448826566
BOOKKEEPER;8;1.0;0.5163874726875455;NaN;Ibk;No sampling;No selection;584.0;82.0;627.0;80.0;0.8768768768768769;0.8795180722891566;0.9597313796795078;0.7637892107616271
BOOKKEEPER;8;1.0;0.5163874726875455;NaN;RandomForest;Oversampling;No selection;621.0;53.0;656.0;43.0;0.9213649851632048;0.9352409638554217;0.9785970397811273;0.8600767301980251
BOOKKEEPER;8;1.0;0.5163874726875455;NaN;NaiveBayes;Oversampling;No selection;611.0;421.0;288.0;53.0;0.5920542635658915;0.9201807228915663;0.8337563936989141;0.32074538258575197
BOOKKEEPER;8;1.0;0.5163874726875455;NaN;Ibk;Oversampling;No selection;613.0;55.0;654.0;51.0;0.9176646706586826;0.9231927710843374;0.9268941067514062;0.8454570939502958
BOOKKEEPER;8;1.0;0.5163874726875455;NaN;RandomForest;Undersampling;No selection;664.0;1.0;708.0;0.0;0.9984962406015038;1.0;1.0;0.9985418390245508
BOOKKEEPER;8;1.0;0.5163874726875455;NaN;NaiveBayes;Undersampling;No selection;626.0;429.0;280.0;38.0;0.5933649289099526;0.9427710843373494;0.8403911839176169;0.331498717089247
BOOKKEEPER;8;1.0;0.5163874726875455;NaN;Ibk;Undersampling;No selection;664.0;4.0;705.0;0.0;0.9940119760479041;1.0;0.9972386017978826;0.9941681922245393
BOOKKEEPER;8;1.0;0.5163874726875455;NaN;RandomForest;SMOTE;No selection;664.0;0.0;709.0;0.0;1.0;1.0;1.0;1.0
BOOKKEEPER;8;1.0;0.5163874726875455;NaN;NaiveBayes;SMOTE;No selection;622.0;443.0;266.0;42.0;0.584037558685446;0.9367469879518072;0.836383970295852;0.30605764711644573
BOOKKEEPER;8;1.0;0.5163874726875455;NaN;Ibk;SMOTE;No selection;664.0;0.0;709.0;0.0;1.0;1.0;1.0;1.0
BOOKKEEPER;8;1.0;0.5163874726875455;NaN;RandomForest;No sampling;Best first;554.0;127.0;582.0;110.0;0.8135095447870778;0.8343373493975904;0.9076726511122062;0.6546799007128173
BOOKKEEPER;8;1.0;0.5163874726875455;NaN;NaiveBayes;No sampling;Best first;570.0;158.0;551.0;94.0;0.782967032967033;0.858433734939759;0.9051576545958163;0.6336464668710929
BOOKKEEPER;8;1.0;0.5163874726875455;NaN;Ibk;No sampling;Best first;554.0;127.0;582.0;110.0;0.8135095447870778;0.8343373493975904;0.9077448722959539;0.6546799007128173
BOOKKEEPER;8;1.0;0.5163874726875455;NaN;RandomForest;Oversampling;Best first;619.0;68.0;641.0;45.0;0.901018922852984;0.9322289156626506;0.9666858548439172;0.8354008701584046
BOOKKEEPER;8;1.0;0.5163874726875455;NaN;NaiveBayes;Oversampling;Best first;636.0;350.0;359.0;28.0;0.6450304259634888;0.9578313253012049;0.8123767991571363;0.45714309622380606
BOOKKEEPER;8;1.0;0.5163874726875455;NaN;Ibk;Oversampling;Best first;613.0;66.0;643.0;51.0;0.9027982326951399;0.9231927710843374;0.9280061005658742;0.8295092371583492
BOOKKEEPER;8;1.0;0.5163874726875455;NaN;RandomForest;Undersampling;Best first;661.0;23.0;686.0;3.0;0.966374269005848;0.9954819277108434;0.9964654103012898;0.9621222088764202
BOOKKEEPER;8;1.0;0.5163874726875455;NaN;NaiveBayes;Undersampling;Best first;638.0;349.0;360.0;26.0;0.646403242147923;0.9608433734939759;0.8092712882559858;0.4614768321292937
BOOKKEEPER;8;1.0;0.5163874726875455;NaN;Ibk;Undersampling;Best first;652.0;13.0;696.0;12.0;0.9804511278195489;0.9819277108433735;0.9927269019661156;0.963545975613771
BOOKKEEPER;8;1.0;0.5163874726875455;NaN;RandomForest;SMOTE;Best first;662.0;11.0;698.0;2.0;0.9836552748885586;0.9969879518072289;0.9995666728975139;0.9810511520164933
BOOKKEEPER;8;1.0;0.5163874726875455;NaN;NaiveBayes;SMOTE;Best first;644.0;359.0;350.0;20.0;0.6420737786640079;0.9698795180722891;0.80913321834588;0.4561421477894706
BOOKKEEPER;8;1.0;0.5163874726875455;NaN;Ibk;SMOTE;Best first;652.0;1.0;708.0;12.0;0.998468606431853;0.9819277108433735;0.9998130745832413;0.9810330298802304
BOOKKEEPER;9;1.0;0.5163874726875455;NaN;RandomForest;No sampling;No selection;593.0;91.0;618.0;71.0;0.8669590643274854;0.8930722891566265;0.9571739001138546;0.7639922245376953
BOOKKEEPER;9;1.0;0.5163874726875455;NaN;NaiveBayes;No sampling;No selection;473.0;102.0;607.0;191.0;0.8226086956521739;0.7123493975903614;0.9019990398830866;0.5709132448826566
BOOKKEEPER;9;1.0;0.5163874726875455;NaN;Ibk;No sampling;No selection;584.0;82.0;627.0;80.0;0.8768768768768769;0.8795180722891566;0.9597313796795078;0.7637892107616271
BOOKKEEPER;9;1.0;0.5163874726875455;NaN;RandomForest;Oversampling;No selection;621.0;53.0;656.0;43.0;0.9213649851632048;0.9352409638554217;0.9785970397811273;0.8600767301980251
BOOKKEEPER;9;1.0;0.5163874726875455;NaN;NaiveBayes;Oversampling;No selection;611.0;421.0;288.0;53.0;0.5920542635658915;0.9201807228915663;0.8337563936989141;0.32074538258575197
BOOKKEEPER;9;1.0;0.5163874726875455;NaN;Ibk;Oversampling;No selection;613.0;55.0;654.0;51.0;0.9176646706586826;0.9231927710843374;0.9268941067514062;0.8454570939502958
BOOKKEEPER;9;1.0;0.5163874726875455;NaN;RandomForest;Undersampling;No selection;664.0;1.0;708.0;0.0;0.9984962406015038;1.0;1.0;0.9985418390245508
BOOKKEEPER;9;1.0;0.5163874726875455;NaN;NaiveBayes;Undersampling;No selection;626.0;429.0;280.0;38.0;0.5933649289099526;0.9427710843373494;0.8403911839176169;0.331498717089247
BOOKKEEPER;9;1.0;0.5163874726875455;NaN;Ibk;Undersampling;No selection;664.0;4.0;705.0;0.0;0.9940119760479041;1.0;0.9972386017978826;0.9941681922245393
BOOKKEEPER;9;1.0;0.5163874726875455;NaN;RandomForest;SMOTE;No selection;664.0;0.0;709.0;0.0;1.0;1.0;1.0;1.0
BOOKKEEPER;9;1.0;0.5163874726875455;NaN;NaiveBayes;SMOTE;No selection;622.0;443.0;266.0;42.0;0.584037558685446;0.9367469879518072;0.836383970295852;0.30605764711644573
BOOKKEEPER;9;1.0;0.5163874726875455;NaN;Ibk;SMOTE;No selection;664.0;0.0;709.0;0.0;1.0;1.0;1.0;1.0
BOOKKEEPER;9;1.0;0.5163874726875455;NaN;RandomForest;No sampling;Best first;554.0;127.0;582.0;110.0;0.8135095447870778;0.8343373493975904;0.9076726511122062;0.6546799007128173
BOOKKEEPER;9;1.0;0.5163874726875455;NaN;NaiveBayes;No sampling;Best first;570.0;158.0;551.0;94.0;0.782967032967033;0.858433734939759;0.9051576545958163;0.6336464668710929
BOOKKEEPER;9;1.0;0.5163874726875455;NaN;Ibk;No sampling;Best first;554.0;127.0;582.0;110.0;0.8135095447870778;0.8343373493975904;0.9077448722959539;0.6546799007128173
BOOKKEEPER;9;1.0;0.5163874726875455;NaN;RandomForest;Oversampling;Best first;619.0;68.0;641.0;45.0;0.901018922852984;0.9322289156626506;0.9666858548439172;0.8354008701584046
BOOKKEEPER;9;1.0;0.5163874726875455;NaN;NaiveBayes;Oversampling;Best first;636.0;350.0;359.0;28.0;0.6450304259634888;0.9578313253012049;0.8123767991571363;0.45714309622380606
BOOKKEEPER;9;1.0;0.5163874726875455;NaN;Ibk;Oversampling;Best first;613.0;66.0;643.0;51.0;0.9027982326951399;0.9231927710843374;0.9280061005658742;0.8295092371583492
BOOKKEEPER;9;1.0;0.5163874726875455;NaN;RandomForest;Undersampling;Best first;661.0;23.0;686.0;3.0;0.966374269005848;0.9954819277108434;0.9964654103012898;0.9621222088764202
BOOKKEEPER;9;1.0;0.5163874726875455;NaN;NaiveBayes;Undersampling;Best first;638.0;349.0;360.0;26.0;0.646403242147923;0.9608433734939759;0.8092712882559858;0.4614768321292937
BOOKKEEPER;9;1.0;0.5163874726875455;NaN;Ibk;Undersampling;Best first;652.0;13.0;696.0;12.0;0.9804511278195489;0.9819277108433735;0.9927269019661156;0.963545975613771
BOOKKEEPER;9;1.0;0.5163874726875455;NaN;RandomForest;SMOTE;Best first;662.0;11.0;698.0;2.0;0.9836552748885586;0.9969879518072289;0.9995666728975139;0.9810511520164933
BOOKKEEPER;9;1.0;0.5163874726875455;NaN;NaiveBayes;SMOTE;Best first;644.0;359.0;350.0;20.0;0.6420737786640079;0.9698795180722891;0.80913321834588;0.4561421477894706
BOOKKEEPER;9;1.0;0.5163874726875455;NaN;Ibk;SMOTE;Best first;652.0;1.0;708.0;12.0;0.998468606431853;0.9819277108433735;0.9998130745832413;0.9810330298802304
BOOKKEEPER;10;1.0;0.5163874726875455;NaN;RandomForest;No sampling;No selection;593.0;91.0;618.0;71.0;0.8669590643274854;0.8930722891566265;0.9571739001138546;0.7639922245376953
BOOKKEEPER;10;1.0;0.5163874726875455;NaN;NaiveBayes;No sampling;No selection;473.0;102.0;607.0;191.0;0.8226086956521739;0.7123493975903614;0.9019990398830866;0.5709132448826566
BOOKKEEPER;10;1.0;0.5163874726875455;NaN;Ibk;No sampling;No selection;584.0;82.0;627.0;80.0;0.8768768768768769;0.8795180722891566;0.9597313796795078;0.7637892107616271
BOOKKEEPER;10;1.0;0.5163874726875455;NaN;RandomForest;Oversampling;No selection;621.0;53.0;656.0;43.0;0.9213649851632048;0.9352409638554217;0.9785970397811273;0.8600767301980251
BOOKKEEPER;10;1.0;0.5163874726875455;NaN;NaiveBayes;Oversampling;No selection;611.0;421.0;288.0;53.0;0.5920542635658915;0.9201807228915663;0.8337563936989141;0.32074538258575197
BOOKKEEPER;10;1.0;0.5163874726875455;NaN;Ibk;Oversampling;No selection;613.0;55.0;654.0;51.0;0.9176646706586826;0.9231927710843374;0.9268941067514062;0.8454570939502958
BOOKKEEPER;10;1.0;0.5163874726875455;NaN;RandomForest;Undersampling;No selection;664.0;1.0;708.0;0.0;0.9984962406015038;1.0;1.0;0.9985418390245508
BOOKKEEPER;10;1.0;0.5163874726875455;NaN;NaiveBayes;Undersampling;No selection;626.0;429.0;280.0;38.0;0.5933649289099526;0.9427710843373494;0.8403911839176169;0.331498717089247
BOOKKEEPER;10;1.0;0.5163874726875455;NaN;Ibk;Undersampling;No selection;664.0;4.0;705.0;0.0;0.9940119760479041;1.0;0.9972386017978826;0.9941681922245393
BOOKKEEPER;10;1.0;0.5163874726875455;NaN;RandomForest;SMOTE;No selection;664.0;0.0;709.0;0.0;1.0;1.0;1.0;1.0
BOOKKEEPER;10;1.0;0.5163874726875455;NaN;NaiveBayes;SMOTE;No selection;622.0;443.0;266.0;42.0;0.584037558685446;0.9367469879518072;0.836383970295852;0.30605764711644573
BOOKKEEPER;10;1.0;0.5163874726875455;NaN;Ibk;SMOTE;No selection;664.0;0.0;709.0;0.0;1.0;1.0;1.0;1.0
BOOKKEEPER;10;1.0;0.5163874726875455;NaN;RandomForest;No sampling;Best first;554.0;127.0;582.0;110.0;0.8135095447870778;0.8343373493975904;0.9076726511122062;0.6546799007128173
BOOKKEEPER;10;1.0;0.5163874726875455;NaN;NaiveBayes;No sampling;Best first;570.0;158.0;551.0;94.0;0.782967032967033;0.858433734939759;0.9051576545958163;0.6336464668710929
BOOKKEEPER;10;1.0;0.5163874726875455;NaN;Ibk;No sampling;Best first;554.0;127.0;582.0;110.0;0.8135095447870778;0.8343373493975904;0.9077448722959539;0.6546799007128173
BOOKKEEPER;10;1.0;0.5163874726875455;NaN;RandomForest;Oversampling;Best first;619.0;68.0;641.0;45.0;0.901018922852984;0.9322289156626506;0.9666858548439172;0.8354008701584046
BOOKKEEPER;10;1.0;0.5163874726875455;NaN;NaiveBayes;Oversampling;Best first;636.0;350.0;359.0;28.0;0.6450304259634888;0.9578313253012049;0.8123767991571363;0.45714309622380606
BOOKKEEPER;10;1.0;0.5163874726875455;NaN;Ibk;Oversampling;Best first;613.0;66.0;643.0;51.0;0.9027982326951399;0.9231927710843374;0.9280061005658742;0.8295092371583492
BOOKKEEPER;10;1.0;0.5163874726875455;NaN;RandomForest;Undersampling;Best first;661.0;23.0;686.0;3.0;0.966374269005848;0.9954819277108434;0.9964654103012898;0.9621222088764202
BOOKKEEPER;10;1.0;0.5163874726875455;NaN;NaiveBayes;Undersampling;Best first;638.0;349.0;360.0;26.0;0.646403242147923;0.9608433734939759;0.8092712882559858;0.4614768321292937
BOOKKEEPER;10;1.0;0.5163874726875455;NaN;Ibk;Undersampling;Best first;652.0;13.0;696.0;12.0;0.9804511278195489;0.9819277108433735;0.9927269019661156;0.963545975613771
BOOKKEEPER;10;1.0;0.5163874726875455;NaN;RandomForest;SMOTE;Best first;662.0;11.0;698.0;2.0;0.9836552748885586;0.9969879518072289;0.9995666728975139;0.9810511520164933
BOOKKEEPER;10;1.0;0.5163874726875455;NaN;NaiveBayes;SMOTE;Best first;644.0;359.0;350.0;20.0;0.6420737786640079;0.9698795180722891;0.80913321834588;0.4561421477894706
BOOKKEEPER;10;1.0;0.5163874726875455;NaN;Ibk;SMOTE;Best first;652.0;1.0;708.0;12.0;0.998468606431853;0.9819277108433735;0.9998130745832413;0.9810330298802304
BOOKKEEPER;11;1.0;0.5163874726875455;NaN;RandomForest;No sampling;No selection;593.0;91.0;618.0;71.0;0.8669590643274854;0.8930722891566265;0.9571739001138546;0.7639922245376953
BOOKKEEPER;11;1.0;0.5163874726875455;NaN;NaiveBayes;No sampling;No selection;473.0;102.0;607.0;191.0;0.8226086956521739;0.7123493975903614;0.9019990398830866;0.5709132448826566
BOOKKEEPER;11;1.0;0.5163874726875455;NaN;Ibk;No sampling;No selection;584.0;82.0;627.0;80.0;0.8768768768768769;0.8795180722891566;0.9597313796795078;0.7637892107616271
BOOKKEEPER;11;1.0;0.5163874726875455;NaN;RandomForest;Oversampling;No selection;621.0;53.0;656.0;43.0;0.9213649851632048;0.9352409638554217;0.9785970397811273;0.8600767301980251
BOOKKEEPER;11;1.0;0.5163874726875455;NaN;NaiveBayes;Oversampling;No selection;611.0;421.0;288.0;53.0;0.5920542635658915;0.9201807228915663;0.8337563936989141;0.32074538258575197
BOOKKEEPER;11;1.0;0.5163874726875455;NaN;Ibk;Oversampling;No selection;613.0;55.0;654.0;51.0;0.9176646706586826;0.9231927710843374;0.9268941067514062;0.8454570939502958
BOOKKEEPER;11;1.0;0.5163874726875455;NaN;RandomForest;Undersampling;No selection;664.0;1.0;708.0;0.0;0.9984962406015038;1.0;1.0;0.9985418390245508
BOOKKEEPER;11;1.0;0.5163874726875455;NaN;NaiveBayes;Undersampling;No selection;626.0;429.0;280.0;38.0;0.5933649289099526;0.9427710843373494;0.8403911839176169;0.331498717089247
BOOKKEEPER;11;1.0;0.5163874726875455;NaN;Ibk;Undersampling;No selection;664.0;4.0;705.0;0.0;0.9940119760479041;1.0;0.9972386017978826;0.9941681922245393
BOOKKEEPER;11;1.0;0.5163874726875455;NaN;RandomForest;SMOTE;No selection;664.0;0.0;709.0;0.0;1.0;1.0;1.0;1.0
BOOKKEEPER;11;1.0;0.5163874726875455;NaN;NaiveBayes;SMOTE;No selection;622.0;443.0;266.0;42.0;0.584037558685446;0.9367469879518072;0.836383970295852;0.30605764711644573
BOOKKEEPER;11;1.0;0.5163874726875455;NaN;Ibk;SMOTE;No selection;664.0;0.0;709.0;0.0;1.0;1.0;1.0;1.0
BOOKKEEPER;11;1.0;0.5163874726875455;NaN;RandomForest;No sampling;Best first;554.0;127.0;582.0;110.0;0.8135095447870778;0.8343373493975904;0.9076726511122062;0.6546799007128173
BOOKKEEPER;11;1.0;0.5163874726875455;NaN;NaiveBayes;No sampling;Best first;570.0;158.0;551.0;94.0;0.782967032967033;0.858433734939759;0.9051576545958163;0.6336464668710929
BOOKKEEPER;11;1.0;0.5163874726875455;NaN;Ibk;No sampling;Best first;554.0;127.0;582.0;110.0;0.8135095447870778;0.8343373493975904;0.9077448722959539;0.6546799007128173
BOOKKEEPER;11;1.0;0.5163874726875455;NaN;RandomForest;Oversampling;Best first;619.0;68.0;641.0;45.0;0.901018922852984;0.9322289156626506;0.9666858548439172;0.8354008701584046
BOOKKEEPER;11;1.0;0.5163874726875455;NaN;NaiveBayes;Oversampling;Best first;636.0;350.0;359.0;28.0;0.6450304259634888;0.9578313253012049;0.8123767991571363;0.45714309622380606
BOOKKEEPER;11;1.0;0.5163874726875455;NaN;Ibk;Oversampling;Best first;613.0;66.0;643.0;51.0;0.9027982326951399;0.9231927710843374;0.9280061005658742;0.8295092371583492
BOOKKEEPER;11;1.0;0.5163874726875455;NaN;RandomForest;Undersampling;Best first;661.0;23.0;686.0;3.0;0.966374269005848;0.9954819277108434;0.9964654103012898;0.9621222088764202
BOOKKEEPER;11;1.0;0.5163874726875455;NaN;NaiveBayes;Undersampling;Best first;638.0;349.0;360.0;26.0;0.646403242147923;0.9608433734939759;0.8092712882559858;0.4614768321292937
BOOKKEEPER;11;1.0;0.5163874726875455;NaN;Ibk;Undersampling;Best first;652.0;13.0;696.0;12.0;0.9804511278195489;0.9819277108433735;0.9927269019661156;0.963545975613771
BOOKKEEPER;11;1.0;0.5163874726875455;NaN;RandomForest;SMOTE;Best first;662.0;11.0;698.0;2.0;0.9836552748885586;0.9969879518072289;0.9995666728975139;0.9810511520164933
BOOKKEEPER;11;1.0;0.5163874726875455;NaN;NaiveBayes;SMOTE;Best first;644.0;359.0;350.0;20.0;0.6420737786640079;0.9698795180722891;0.80913321834588;0.4561421477894706
BOOKKEEPER;11;1.0;0.5163874726875455;NaN;Ibk;SMOTE;Best first;652.0;1.0;708.0;12.0;0.998468606431853;0.9819277108433735;0.9998130745832413;0.9810330298802304
BOOKKEEPER;12;1.0;0.5163874726875455;NaN;RandomForest;No sampling;No selection;593.0;91.0;618.0;71.0;0.8669590643274854;0.8930722891566265;0.9571739001138546;0.7639922245376953
BOOKKEEPER;12;1.0;0.5163874726875455;NaN;NaiveBayes;No sampling;No selection;473.0;102.0;607.0;191.0;0.8226086956521739;0.7123493975903614;0.9019990398830866;0.5709132448826566
BOOKKEEPER;12;1.0;0.5163874726875455;NaN;Ibk;No sampling;No selection;584.0;82.0;627.0;80.0;0.8768768768768769;0.8795180722891566;0.9597313796795078;0.7637892107616271
BOOKKEEPER;12;1.0;0.5163874726875455;NaN;RandomForest;Oversampling;No selection;621.0;53.0;656.0;43.0;0.9213649851632048;0.9352409638554217;0.9785970397811273;0.8600767301980251
BOOKKEEPER;12;1.0;0.5163874726875455;NaN;NaiveBayes;Oversampling;No selection;611.0;421.0;288.0;53.0;0.5920542635658915;0.9201807228915663;0.8337563936989141;0.32074538258575197
BOOKKEEPER;12;1.0;0.5163874726875455;NaN;Ibk;Oversampling;No selection;613.0;55.0;654.0;51.0;0.9176646706586826;0.9231927710843374;0.9268941067514062;0.8454570939502958
BOOKKEEPER;12;1.0;0.5163874726875455;NaN;RandomForest;Undersampling;No selection;664.0;1.0;708.0;0.0;0.9984962406015038;1.0;1.0;0.9985418390245508
BOOKKEEPER;12;1.0;0.5163874726875455;NaN;NaiveBayes;Undersampling;No selection;626.0;429.0;280.0;38.0;0.5933649289099526;0.9427710843373494;0.8403911839176169;0.331498717089247
BOOKKEEPER;12;1.0;0.5163874726875455;NaN;Ibk;Undersampling;No selection;664.0;4.0;705.0;0.0;0.9940119760479041;1.0;0.9972386017978826;0.9941681922245393
BOOKKEEPER;12;1.0;0.5163874726875455;NaN;RandomForest;SMOTE;No selection;664.0;0.0;709.0;0.0;1.0;1.0;1.0;1.0
BOOKKEEPER;12;1.0;0.5163874726875455;NaN;NaiveBayes;SMOTE;No selection;622.0;443.0;266.0;42.0;0.584037558685446;0.9367469879518072;0.836383970295852;0.30605764711644573
BOOKKEEPER;12;1.0;0.5163874726875455;NaN;Ibk;SMOTE;No selection;664.0;0.0;709.0;0.0;1.0;1.0;1.0;1.0
BOOKKEEPER;12;1.0;0.5163874726875455;NaN;RandomForest;No sampling;Best first;554.0;127.0;582.0;110.0;0.8135095447870778;0.8343373493975904;0.9076726511122062;0.6546799007128173
BOOKKEEPER;12;1.0;0.5163874726875455;NaN;NaiveBayes;No sampling;Best first;570.0;158.0;551.0;94.0;0.782967032967033;0.858433734939759;0.9051576545958163;0.6336464668710929
BOOKKEEPER;12;1.0;0.5163874726875455;NaN;Ibk;No sampling;Best first;554.0;127.0;582.0;110.0;0.8135095447870778;0.8343373493975904;0.9077448722959539;0.6546799007128173
BOOKKEEPER;12;1.0;0.5163874726875455;NaN;RandomForest;Oversampling;Best first;619.0;68.0;641.0;45.0;0.901018922852984;0.9322289156626506;0.9666858548439172;0.8354008701584046
BOOKKEEPER;12;1.0;0.5163874726875455;NaN;NaiveBayes;Oversampling;Best first;636.0;350.0;359.0;28.0;0.6450304259634888;0.9578313253012049;0.8123767991571363;0.45714309622380606
BOOKKEEPER;12;1.0;0.5163874726875455;NaN;Ibk;Oversampling;Best first;613.0;66.0;643.0;51.0;0.9027982326951399;0.9231927710843374;0.9280061005658742;0.8295092371583492
BOOKKEEPER;12;1.0;0.5163874726875455;NaN;RandomForest;Undersampling;Best first;661.0;23.0;686.0;3.0;0.966374269005848;0.9954819277108434;0.9964654103012898;0.9621222088764202
BOOKKEEPER;12;1.0;0.5163874726875455;NaN;NaiveBayes;Undersampling;Best first;638.0;349.0;360.0;26.0;0.646403242147923;0.9608433734939759;0.8092712882559858;0.4614768321292937
BOOKKEEPER;12;1.0;0.5163874726875455;NaN;Ibk;Undersampling;Best first;652.0;13.0;696.0;12.0;0.9804511278195489;0.9819277108433735;0.9927269019661156;0.963545975613771
BOOKKEEPER;12;1.0;0.5163874726875455;NaN;RandomForest;SMOTE;Best first;662.0;11.0;698.0;2.0;0.9836552748885586;0.9969879518072289;0.9995666728975139;0.9810511520164933
BOOKKEEPER;12;1.0;0.5163874726875455;NaN;NaiveBayes;SMOTE;Best first;644.0;359.0;350.0;20.0;0.6420737786640079;0.9698795180722891;0.80913321834588;0.4561421477894706
BOOKKEEPER;12;1.0;0.5163874726875455;NaN;Ibk;SMOTE;Best first;652.0;1.0;708.0;12.0;0.998468606431853;0.9819277108433735;0.9998130745832413;0.9810330298802304
BOOKKEEPER;13;1.0;0.5163874726875455;NaN;RandomForest;No sampling;No selection;593.0;91.0;618.0;71.0;0.8669590643274854;0.8930722891566265;0.9571739001138546;0.7639922245376953
BOOKKEEPER;13;1.0;0.5163874726875455;NaN;NaiveBayes;No sampling;No selection;473.0;102.0;607.0;191.0;0.8226086956521739;0.7123493975903614;0.9019990398830866;0.5709132448826566
BOOKKEEPER;13;1.0;0.5163874726875455;NaN;Ibk;No sampling;No selection;584.0;82.0;627.0;80.0;0.8768768768768769;0.8795180722891566;0.9597313796795078;0.7637892107616271
BOOKKEEPER;13;1.0;0.5163874726875455;NaN;RandomForest;Oversampling;No selection;621.0;53.0;656.0;43.0;0.9213649851632048;0.9352409638554217;0.9785970397811273;0.8600767301980251
BOOKKEEPER;13;1.0;0.5163874726875455;NaN;NaiveBayes;Oversampling;No selection;611.0;421.0;288.0;53.0;0.5920542635658915;0.9201807228915663;0.8337563936989141;0.32074538258575197
BOOKKEEPER;13;1.0;0.5163874726875455;NaN;Ibk;Oversampling;No selection;613.0;55.0;654.0;51.0;0.9176646706586826;0.9231927710843374;0.9268941067514062;0.8454570939502958
BOOKKEEPER;13;1.0;0.5163874726875455;NaN;RandomForest;Undersampling;No selection;664.0;1.0;708.0;0.0;0.9984962406015038;1.0;1.0;0.9985418390245508
BOOKKEEPER;13;1.0;0.5163874726875455;NaN;NaiveBayes;Undersampling;No selection;626.0;429.0;280.0;38.0;0.5933649289099526;0.9427710843373494;0.8403911839176169;0.331498717089247
BOOKKEEPER;13;1.0;0.5163874726875455;NaN;Ibk;Undersampling;No selection;664.0;4.0;705.0;0.0;0.9940119760479041;1.0;0.9972386017978826;0.9941681922245393
BOOKKEEPER;13;1.0;0.5163874726875455;NaN;RandomForest;SMOTE;No selection;664.0;0.0;709.0;0.0;1.0;1.0;1.0;1.0
BOOKKEEPER;13;1.0;0.5163874726875455;NaN;NaiveBayes;SMOTE;No selection;622.0;443.0;266.0;42.0;0.584037558685446;0.9367469879518072;0.836383970295852;0.30605764711644573
BOOKKEEPER;13;1.0;0.5163874726875455;NaN;Ibk;SMOTE;No selection;664.0;0.0;709.0;0.0;1.0;1.0;1.0;1.0
BOOKKEEPER;13;1.0;0.5163874726875455;NaN;RandomForest;No sampling;Best first;554.0;127.0;582.0;110.0;0.8135095447870778;0.8343373493975904;0.9076726511122062;0.6546799007128173
BOOKKEEPER;13;1.0;0.5163874726875455;NaN;NaiveBayes;No sampling;Best first;570.0;158.0;551.0;94.0;0.782967032967033;0.858433734939759;0.9051576545958163;0.6336464668710929
BOOKKEEPER;13;1.0;0.5163874726875455;NaN;Ibk;No sampling;Best first;554.0;127.0;582.0;110.0;0.8135095447870778;0.8343373493975904;0.9077448722959539;0.6546799007128173
BOOKKEEPER;13;1.0;0.5163874726875455;NaN;RandomForest;Oversampling;Best first;619.0;68.0;641.0;45.0;0.901018922852984;0.9322289156626506;0.9666858548439172;0.8354008701584046
BOOKKEEPER;13;1.0;0.5163874726875455;NaN;NaiveBayes;Oversampling;Best first;636.0;350.0;359.0;28.0;0.6450304259634888;0.9578313253012049;0.8123767991571363;0.45714309622380606
BOOKKEEPER;13;1.0;0.5163874726875455;NaN;Ibk;Oversampling;Best first;613.0;66.0;643.0;51.0;0.9027982326951399;0.9231927710843374;0.9280061005658742;0.8295092371583492
BOOKKEEPER;13;1.0;0.5163874726875455;NaN;RandomForest;Undersampling;Best first;661.0;23.0;686.0;3.0;0.966374269005848;0.9954819277108434;0.9964654103012898;0.9621222088764202
BOOKKEEPER;13;1.0;0.5163874726875455;NaN;NaiveBayes;Undersampling;Best first;638.0;349.0;360.0;26.0;0.646403242147923;0.9608433734939759;0.8092712882559858;0.4614768321292937
BOOKKEEPER;13;1.0;0.5163874726875455;NaN;Ibk;Undersampling;Best first;652.0;13.0;696.0;12.0;0.9804511278195489;0.9819277108433735;0.9927269019661156;0.963545975613771
BOOKKEEPER;13;1.0;0.5163874726875455;NaN;RandomForest;SMOTE;Best first;662.0;11.0;698.0;2.0;0.9836552748885586;0.9969879518072289;0.9995666728975139;0.9810511520164933
BOOKKEEPER;13;1.0;0.5163874726875455;NaN;NaiveBayes;SMOTE;Best first;644.0;359.0;350.0;20.0;0.6420737786640079;0.9698795180722891;0.80913321834588;0.4561421477894706
BOOKKEEPER;13;1.0;0.5163874726875455;NaN;Ibk;SMOTE;Best first;652.0;1.0;708.0;12.0;0.998468606431853;0.9819277108433735;0.9998130745832413;0.9810330298802304
